Location,Check-in Date,Check-out Date,Hotel Name,Room Type,Price (USD)
"Louisville, KY, United States",05/25/2024,05/26/2024,Holiday Inn Express & Suites: Louisville Downtown,1 King Bed Standard,151
"Louisville, KY, United States",05/25/2024,05/26/2024,Holiday Inn Express & Suites: Louisville Downtown,2 Queen Beds Standard,151
"Louisville, KY, United States",05/25/2024,05/26/2024,Holiday Inn Express & Suites: Louisville Downtown,Standard Room,151
"Louisville, KY, United States",05/25/2024,05/26/2024,Holiday Inn Express & Suites: Louisville Downtown,2 Queen Beds One Bedroom Suite,180
"Louisville, KY, United States",05/25/2024,05/26/2024,Holiday Inn: Louisville Downtown,1 King Bed Standard,118
"Louisville, KY, United States",05/25/2024,05/26/2024,Holiday Inn: Louisville Downtown,1 Queen Bed Premium,132
"Louisville, KY, United States",05/25/2024,05/26/2024,Holiday Inn: Louisville Downtown,2 Queen Beds Standard,137
"Louisville, KY, United States",05/25/2024,05/26/2024,Holiday Inn: Louisville Downtown,Standard Room,146
"Louisville, KY, United States",05/25/2024,05/26/2024,Candlewood Suites: Louisville - NE Downtown Area,1 Queen Studio Suite,126
"Louisville, KY, United States",05/25/2024,05/26/2024,Candlewood Suites: Louisville - NE Downtown Area,1 King Studio Suite,145
"Louisville, KY, United States",05/25/2024,05/26/2024,Candlewood Suites: Louisville - NE Downtown Area,2 Queen Studio Suite,145
"Louisville, KY, United States",05/25/2024,05/26/2024,Candlewood Suites: Louisville - NE Downtown Area,Studio Suite,145
"Louisville, KY, United States",05/25/2024,05/26/2024,Candlewood Suites: Louisville - NE Downtown Area,1 Queen 1 Bedroom Suite,164
"Louisville, KY, United States",05/25/2024,05/26/2024,Holiday Inn: Louisville Airport - Fair/Expo,2 Queen Standard`,113
"Louisville, KY, United States",05/25/2024,05/26/2024,Holiday Inn: Louisville Airport - Fair/Expo,STANDARD ROOM,113
"Louisville, KY, United States",05/25/2024,05/26/2024,Staybridge Suites: Louisville - Expo Center,1 King Bed Studio Suite With Kitchenette,114
"Louisville, KY, United States",05/25/2024,05/26/2024,Staybridge Suites: Louisville - Expo Center,1 King Bed 1 Bedroom Suite Sofa Bed,123
"Louisville, KY, United States",05/25/2024,05/26/2024,Staybridge Suites: Louisville - Expo Center,2 Queen Beds Studio Suite Sofa Bed,142
"Louisville, KY, United States",05/25/2024,05/26/2024,Staybridge Suites: Louisville - Expo Center,Studio Suite,180
"Louisville, KY, United States",05/25/2024,05/26/2024,Holiday Inn Express: New Albany - Louisville NW,1 King Standard,113
"Louisville, KY, United States",05/25/2024,05/26/2024,Holiday Inn Express: New Albany - Louisville NW,2 Queen Standard,113
"Louisville, KY, United States",05/25/2024,05/26/2024,Holiday Inn Express: New Albany - Louisville NW,1 King Suite,123
"Louisville, KY, United States",05/25/2024,05/26/2024,Holiday Inn Express: New Albany - Louisville NW,Standard Room,132
"Louisville, KY, United States",05/25/2024,05/26/2024,Crowne Plaza: Louisville Airport Expo Ctr,1 King Bed Standard,137
"Louisville, KY, United States",05/25/2024,05/26/2024,Crowne Plaza: Louisville Airport Expo Ctr,1 King Bed Conference Floor,137
"Louisville, KY, United States",05/25/2024,05/26/2024,Crowne Plaza: Louisville Airport Expo Ctr,2 Queen Beds Standard,137
"Louisville, KY, United States",05/25/2024,05/26/2024,Crowne Plaza: Louisville Airport Expo Ctr,1 King Bed Premium,146
"Louisville, KY, United States",05/25/2024,05/26/2024,Crowne Plaza: Louisville Airport Expo Ctr,2 Queen Beds Premium,146
"Louisville, KY, United States",05/25/2024,05/26/2024,Crowne Plaza: Louisville Airport Expo Ctr,2 Queen Beds Standard Balcony,156
"Louisville, KY, United States",05/25/2024,05/26/2024,Crowne Plaza: Louisville Airport Expo Ctr,Standard Room,175
"Louisville, KY, United States",05/25/2024,05/26/2024,Crowne Plaza: Louisville Airport Expo Ctr,1 King Bed Junior Suite Sofa Bed,199
"Louisville, KY, United States",05/25/2024,05/26/2024,Crowne Plaza: Louisville Airport Expo Ctr,Premium Room,232
"Louisville, KY, United States",05/25/2024,05/26/2024,Crowne Plaza: Louisville Airport Expo Ctr,2 Queen Beds One Bedroom Suite,260
"Louisville, KY, United States",05/25/2024,05/26/2024,Crowne Plaza: Louisville Airport Expo Ctr,1 King Bed Junior Presidential Suite,279
"Louisville, KY, United States",05/25/2024,05/26/2024,Crowne Plaza: Louisville Airport Expo Ctr,1 King Bed Presidential Suite,612
"Louisville, KY, United States",05/25/2024,05/26/2024,Candlewood Suites: Louisville North,1 Queen Bed Studio Suite,105
"Louisville, KY, United States",05/25/2024,05/26/2024,Candlewood Suites: Louisville North,Studio Suite,105
"Louisville, KY, United States",05/25/2024,05/26/2024,Candlewood Suites: Louisville North,2 Queen Beds Studio Suite,114
"Louisville, KY, United States",05/25/2024,05/26/2024,Candlewood Suites: Louisville North,1 King Bed One Bedroom Suite,133
"Louisville, KY, United States",05/25/2024,05/26/2024,Candlewood Suites: Louisville North,2 Double Beds 1 Bedroom Suite,143
"Louisville, KY, United States",05/25/2024,05/26/2024,Candlewood Suites: Louisville Airport,1 Queen Bed Studio Suite,85
"Louisville, KY, United States",05/25/2024,05/26/2024,Candlewood Suites: Louisville Airport,Studio Suite,89
"Louisville, KY, United States",05/25/2024,05/26/2024,Candlewood Suites: Louisville Airport,1 Queen Bed One Bedroom Suite,99
"Louisville, KY, United States",05/25/2024,05/26/2024,Holiday Inn Express & Suites: Louisville N - Jeffersonville,1 King Standard,165
"Louisville, KY, United States",05/25/2024,05/26/2024,Holiday Inn Express & Suites: Louisville N - Jeffersonville,2 Queen Standard,165
"Louisville, KY, United States",05/25/2024,05/26/2024,Holiday Inn Express & Suites: Louisville N - Jeffersonville,1 King Suite,175
"Louisville, KY, United States",05/25/2024,05/26/2024,Holiday Inn Express & Suites: Louisville N - Jeffersonville,2 Queen Suite Sofa Bed,179
"Louisville, KY, United States",05/25/2024,05/26/2024,Holiday Inn Express & Suites: Louisville N - Jeffersonville,Standard Room,179
"Louisville, KY, United States",05/25/2024,05/26/2024,Holiday Inn Express: Louisville Airport Expo Center,1 King Bed Standard,104
"Louisville, KY, United States",05/25/2024,05/26/2024,Holiday Inn Express: Louisville Airport Expo Center,2 Queen Beds Standard,113
"Louisville, KY, United States",05/25/2024,05/26/2024,Holiday Inn Express: Louisville Airport Expo Center,Standard Room,113
"Louisville, KY, United States",05/25/2024,05/26/2024,Holiday Inn: Louisville Airport South,2 Queen Beds Standard,132
"Louisville, KY, United States",05/25/2024,05/26/2024,Holiday Inn: Louisville Airport South,1 King Bed Standard,142
"Louisville, KY, United States",05/25/2024,05/26/2024,Holiday Inn: Louisville Airport South,Standard Room,142
"Louisville, KY, United States",05/25/2024,05/26/2024,Holiday Inn: Louisville East - Hurstbourne,1 King Standard,108
"Louisville, KY, United States",05/25/2024,05/26/2024,Holiday Inn: Louisville East - Hurstbourne,2 Double Standard,108
"Louisville, KY, United States",05/25/2024,05/26/2024,Holiday Inn: Louisville East - Hurstbourne,Standard Room,108
"Louisville, KY, United States",05/25/2024,05/26/2024,Holiday Inn: Louisville East - Hurstbourne,2 Queen Standard,113
"Louisville, KY, United States",05/25/2024,05/26/2024,Holiday Inn: Louisville East - Hurstbourne,1 King Premium,118
"Louisville, KY, United States",05/25/2024,05/26/2024,Holiday Inn: Louisville East - Hurstbourne,2 Double Premium,118
"Louisville, KY, United States",05/25/2024,05/26/2024,Holiday Inn: Louisville East - Hurstbourne,1 King Suite,165
"Louisville, KY, United States",05/25/2024,05/26/2024,Holiday Inn: Louisville East - Hurstbourne,1 Bedroom Suite,203
"Louisville, KY, United States",05/25/2024,05/26/2024,Staybridge Suites: Louisville-East,1 Queen Bed Studio Suite,108
"Louisville, KY, United States",05/25/2024,05/26/2024,Staybridge Suites: Louisville-East,1 Queen Bed One Bedroom Suite,137
"Louisville, KY, United States",05/25/2024,05/26/2024,Staybridge Suites: Louisville-East,STANDARD SUITE,137
"Louisville, KY, United States",05/25/2024,05/26/2024,Staybridge Suites: Louisville-East,1 King Bed One Bedroom Suite,146
"Louisville, KY, United States",05/25/2024,05/26/2024,Staybridge Suites: Louisville-East,1 Queen Bed And 2 Dbl Beds 2 Bdrm Suite,346
"Louisville, KY, United States",05/25/2024,05/26/2024,Holiday Inn Express: Louisville Northeast,1 King Standard,104
"Louisville, KY, United States",05/25/2024,05/26/2024,Holiday Inn Express: Louisville Northeast,STANDARD ROOM,104
"Louisville, KY, United States",05/25/2024,05/26/2024,Holiday Inn Express: Louisville Northeast,1 King Standard Sofa Bed,113
"Louisville, KY, United States",05/25/2024,05/26/2024,Holiday Inn Express: Louisville Northeast,2 Queen Standard,113
"Louisville, KY, United States",05/25/2024,05/26/2024,Holiday Inn Express: Louisville Northeast,2 Queen Suite,123
"Louisville, KY, United States",05/25/2024,05/26/2024,Holiday Inn Express: Louisville Northeast,2 Bedroom Suite,123
"Louisville, KY, United States",05/25/2024,05/26/2024,Holiday Inn Express & Suites: Louisville East,1 King Standard,118
"Louisville, KY, United States",05/25/2024,05/26/2024,Holiday Inn Express & Suites: Louisville East,2 Queen Standard,123
"Louisville, KY, United States",05/25/2024,05/26/2024,Holiday Inn Express & Suites: Louisville East,Standard Room,132
"Louisville, KY, United States",05/25/2024,05/26/2024,Holiday Inn Express & Suites: Louisville South-Hillview,1 King Bed Standard,142
"Louisville, KY, United States",05/25/2024,05/26/2024,Holiday Inn Express & Suites: Louisville South-Hillview,2 Queen Beds Standard,142
"Louisville, KY, United States",05/25/2024,05/26/2024,Holiday Inn Express & Suites: Louisville South-Hillview,Standard Room,142
"Louisville, KY, United States",05/25/2024,05/26/2024,Holiday Inn Express & Suites: Louisville South-Hillview,1 King Bed Suite Addl Living Area,152
"Louisville, KY, United States",05/25/2024,05/26/2024,Holiday Inn Express: Corydon,Standard Room,142
"Louisville, KY, United States",05/25/2024,05/26/2024,Holiday Inn Express: Corydon,1 King Standard Walk In Shower,151
"Louisville, KY, United States",05/25/2024,05/26/2024,Holiday Inn Express: Corydon,1 King Suite Sofa Bed,161
"Louisville, KY, United States",05/25/2024,05/26/2024,Holiday Inn Express & Suites: La Grange - Louisville Area NE,1 King Standard,104
"Louisville, KY, United States",05/25/2024,05/26/2024,Holiday Inn Express & Suites: La Grange - Louisville Area NE,2 Queen Standard,104
"Louisville, KY, United States",05/25/2024,05/26/2024,Holiday Inn Express & Suites: La Grange - Louisville Area NE,2 Queen Suite Sofa Bed,123
"Louisville, KY, United States",05/25/2024,05/26/2024,Holiday Inn Express & Suites: La Grange - Louisville Area NE,1 King Suite Sofa Bed,123
"Louisville, KY, United States",05/25/2024,05/26/2024,Holiday Inn Express & Suites: La Grange - Louisville Area NE,Standard Room,123
"Louisville, KY, United States",05/25/2024,05/26/2024,Holiday Inn Express & Suites: Scottsburg,1 King Bed Standard,132
"Louisville, KY, United States",05/25/2024,05/26/2024,Holiday Inn Express & Suites: Scottsburg,2 Queen Beds Standard,132
"Louisville, KY, United States",05/25/2024,05/26/2024,Holiday Inn Express & Suites: Scottsburg,Standard Room,142
"Louisville, KY, United States",05/25/2024,05/26/2024,Holiday Inn Express & Suites: Scottsburg,1 King Bed Suite,151
"Louisville, KY, United States",05/25/2024,05/26/2024,Holiday Inn Express & Suites: Scottsburg,1 King Bed Suite Minifridge,151
"Louisville, KY, United States",05/25/2024,05/26/2024,Holiday Inn Express & Suites: Scottsburg,1 Queen Bed Suite,151
"Louisville, KY, United States",05/25/2024,05/26/2024,Holiday Inn Express & Suites: Scottsburg,1 King Bed Suite Microwave,161
"Louisville, KY, United States",05/25/2024,05/26/2024,Holiday Inn Express & Suites: Scottsburg,1 King Bed Suite Sofa Bed,170
